{
  "bb_window": 20,
  "bb_std": 1.8,
  "timeframe": "15min",
  "total_trades": 30,
  "sharpe_ratio": -33.327856426328324,
  "total_return": 0.00042585300000000484,
  "win_rate": 0.4,
  "max_drawdown": -0.00011007901844334046
}